timestamp,frame_index,tx,ty,tz,qw,qx,qy,qz
0.0,0,0.0,0.0,0.0,1.0,0.0,0.0,0.0
0.2168,10,-0.290511,0.524006,0.800638,0.99999509,-0.00159975,0.00265987,0.00043692
0.4336,20,-0.628131,0.487535,-0.139938,0.99998908,-0.00144115,0.0044417,0.00019676
0.6504,30,-0.8076,0.512793,0.843501,0.99987717,0.00243118,0.01451056,0.00540145
0.8672,40,-0.542513,-0.440796,0.98632,0.99906841,-0.01071087,0.02683804,0.03205159
1.0841,50,-0.210072,-1.357294,1.208837,0.99403683,0.07327395,0.05168046,0.06205516
1.3009,60,-0.002414,-2.327285,1.082357,0.98553465,0.11984709,0.05773291,0.10500023
1.5177,70,0.135084,-3.312065,0.976044,0.97850391,0.1528685,0.05111655,0.12864063
1.7345,80,0.049554,-4.305259,0.896993,0.97636772,0.17018848,0.05885481,0.11949091
1.9513,90,-0.186909,-4.142057,1.854829,0.963816,0.22477365,0.05507674,0.13229542
2.1681,100,-0.337962,-5.055752,2.232115,0.96623515,0.21664922,0.06043783,0.12569817
2.3849,110,-0.357748,-5.962146,2.654084,0.975019,0.19041892,0.05846191,0.09828934
2.6017,120,-0.756213,-6.722166,3.167499,0.97877375,0.17167824,0.07065377,0.08681348
2.8186,130,-0.832021,-7.711423,3.292497,0.99186079,0.06693953,0.09687725,0.04843625
3.0354,140,-1.037873,-8.534712,3.821477,0.99207344,0.0372581,0.11581585,0.03144529
3.2522,150,-1.264328,-9.477394,4.066564,0.9942751,-0.00254923,0.10664201,-0.00616541
3.469,160,-1.482151,-10.444302,4.19939,0.99166392,-0.06424541,0.1055206,-0.0366141
3.6858,170,-1.330143,-10.962389,3.357678,0.99195542,-0.05207617,0.11207005,-0.02743745
3.9026,180,-1.19439,-11.344677,2.44366,0.99325312,-0.03112317,0.11105733,-0.01207719
4.1194,190,-1.01353,-11.708016,1.529727,0.99462722,-0.01526477,0.10238894,0.00042498
4.3362,200,-0.896853,-12.053314,0.598515,0.99460497,0.00208314,0.10282823,0.01352629
4.5531,210,-0.896853,-12.053314,0.598515,0.99460497,0.00208314,0.10282823,0.01352629
4.7699,220,-0.896853,-12.053314,0.598515,0.99460497,0.00208314,0.10282823,0.01352629
4.9867,230,-0.896853,-12.053314,0.598515,0.99460497,0.00208314,0.10282823,0.01352629
5.2035,240,-0.896853,-12.053314,0.598515,0.99460497,0.00208314,0.10282823,0.01352629
5.4203,250,-0.896853,-12.053314,0.598515,0.99460497,0.00208314,0.10282823,0.01352629
5.6371,260,-0.896853,-12.053314,0.598515,0.99460497,0.00208314,0.10282823,0.01352629
5.8539,270,-0.896853,-12.053314,0.598515,0.99460497,0.00208314,0.10282823,0.01352629
6.0707,280,-0.993024,-12.967626,0.991941,0.99413427,0.04566899,0.09607574,0.01951512
6.2876,290,-0.601999,-13.292614,1.853034,0.98876563,0.11903553,0.08222612,0.03757583
6.5044,300,-0.865375,-12.939761,0.955188,0.97748363,0.18862466,0.06945485,0.06420675
6.7212,310,-1.088001,-12.653506,0.023257,0.95225844,0.27973282,0.05437627,0.10952915
6.938,320,-1.703726,-12.040596,-0.471944,0.91299201,0.37863907,0.0600216,0.13955447
7.1548,330,-2.530009,-11.943358,0.082854,0.82852131,0.51683832,0.12469181,0.1757343
7.3716,340,-2.538077,-11.459564,-0.79229,0.77082059,0.59596859,0.11095107,0.1958237
7.5884,350,-2.355566,-11.257991,-1.75461,0.72293637,0.65134605,0.08918375,0.21250315
7.8052,360,-2.251804,-11.075781,-2.732379,0.68499032,0.68716241,0.09029224,0.22459605
8.0221,370,-2.585921,-10.409122,-3.398661,0.64331022,0.7268966,0.09722367,0.21982004
8.2389,380,-2.360852,-10.32844,-4.369657,0.6011111,0.759991,0.09614949,0.22767168
8.4557,390,-2.18746,-10.566626,-5.325274,0.5837623,0.77336178,0.09342436,0.22892142
8.6725,400,-2.128452,-10.785602,-6.299218,0.57987828,0.77893053,0.1042145,0.21482026
8.8893,410,-1.784569,-11.186213,-7.148486,0.57268314,0.779733,0.10888479,0.2284613
9.1061,420,-1.672502,-11.577554,-8.061882,0.57064014,0.77392446,0.10962933,0.25177803
9.3229,430,-1.367914,-11.697762,-9.006751,0.606351,0.74536338,0.09178333,0.26143396
9.5397,440,-0.947945,-12.60528,-9.012808,0.62540181,0.7357621,0.10391337,0.23817793
9.7566,450,-0.866823,-12.983743,-9.934863,0.66490667,0.69722972,0.12610799,0.23636118
9.9734,460,-0.396934,-13.245037,-10.778029,0.7058724,0.66137927,0.12913868,0.21827696
10.1902,470,-0.008024,-14.054147,-10.337472,0.71655326,0.65344718,0.12735027,0.20818288
10.407,480,0.238338,-14.68134,-9.598598,0.71357486,0.66249845,0.13962906,0.18002903
10.6238,490,0.222004,-15.394557,-10.299351,0.73546371,0.62828694,0.17010997,0.18817876
10.8406,500,0.238435,-16.023061,-11.076984,0.76345421,0.58932537,0.17398252,0.19890542
11.0574,510,0.329576,-16.544915,-11.925136,0.78429481,0.56773938,0.17878493,0.17489881
11.2742,520,0.205255,-16.769721,-12.891576,0.79490471,0.55086764,0.20453684,0.15111592
11.4911,530,0.019509,-17.048574,-13.833775,0.80340323,0.54201928,0.19940565,0.14489905
11.7079,540,-0.422753,-16.280505,-14.29689,0.79518947,0.55092637,0.20498281,0.14878132
11.9247,550,0.062537,-16.182406,-15.165722,0.76452372,0.58073477,0.20559244,0.18969017
12.1415,560,-0.372355,-15.385914,-15.585805,0.68885139,0.65648176,0.21076797,0.22381315
12.3583,570,-0.372355,-15.385914,-15.585805,0.68885139,0.65648176,0.21076797,0.22381315
12.5751,580,-0.372355,-15.385914,-15.585805,0.68885139,0.65648176,0.21076797,0.22381315
12.7919,590,-0.372355,-15.385914,-15.585805,0.68885139,0.65648176,0.21076797,0.22381315
